location,genus,df,r2,pseudo_f,p,p_adj,dispersion_f,dispersion_p,dispersion_p_adj
Koh Tao,Acropora,1,0.17279753943431844,2.78165105106164,0.05736,0.21032,2.968440016792609,0.11132,0.30613
Koh Tao,Dipsastrea,1,0.15019633507853208,2.6728094814002534,0.39843,0.6261042857142857,1.6038919908203146,0.32164,0.5054342857142857
Koh Tao,Favites,1,0.06748460308177023,0.6592457642557791,0.8571428571428571,0.8571428571428571,73.1821617333741,1e-5,5.5e-5
Koh Tao,Goniastrea,1,0.023952095808382784,0.21428571428571028,0.2,0.55,4.261069350782246,2.48015873015873e-5,9.093915343915344e-5
Koh Tao,Leptastrea,1,0.08988393240767821,1.9707276848257473,0.50145,0.6894937499999999,15.06597171425424,1e-5,5.5e-5
Koh Tao,Lobophyllia,1,0.3117252989265142,2.7174495744823224,0.32142857142857145,0.5892857142857143,1.964421049735899,0.14288194444444444,0.3143402777777778
Koh Tao,Montipora,1,0.28559260657125574,3.521980032707011,0.25,0.55,1.0256225409720654,0.42047,0.5139077777777779
Koh Tao,Pavona,1,0.053077589059475114,0.5907980907980839,0.6,0.7333333333333334,0.09095584595824495,0.85367,0.85367
Koh Tao,Platygyra,1,0.06143513557712594,3.4998833014836848,0.0216,0.1188,1.529128653062889,0.21963,0.402655
Koh Tao,Pocillopora,1,0.0383056209493713,0.28505152414275386,0.8571428571428571,0.8571428571428571,0.8600500986607115,0.38041,0.5139077777777779
Koh Tao,Porites,1,0.08111424674248058,3.7888068474663936,0.01764,0.1188,0.11822938356223808,0.73636,0.809996
Rayong,Astreopora,1,0.2640624999999981,1.4352441613588007,0.5,0.55,1.7712798669386034,0.16805555555555557,0.23835625
Rayong,Dipsastrea,1,0.15108545656462746,12.458240987043574,2.6e-4,7.149999999999999e-4,5.392844571306256,0.0315,0.0693
Rayong,Favites,1,0.1691698637750984,11.80969690247003,1.3e-4,4.766666666666666e-4,0.23480246501914856,0.61317,0.6744870000000001
Rayong,Goniastrea,1,0.15881556151134132,2.4543990653903127,0.06119,0.08413625,2.05966801652685,0.17335,0.23835625
Rayong,Hydnophora,1,0.22524198057338574,2.616530289884257,0.03659,0.06708166666666666,16.293920506334565,1e-5,3.6666666666666666e-5
Rayong,Lobophyllia,1,0.4381167246138538,11.695936072650442,5.2e-4,0.001144,26.609198218922586,1e-5,3.6666666666666666e-5
Rayong,Pavona,1,0.07873920368308476,1.7948481949469224,0.2311,0.28245555555555557,1.257168356515796,0.23825,0.2911944444444445
Rayong,Platygyra,1,0.2894807614131452,27.704656970646706,1e-5,5.5e-5,0.007555125084005163,0.97291,0.97291
Rayong,Pocillopora,1,0.32864398449072463,3.4266586405574415,0.05503,0.08413625,4.998250436153962,0.02804,0.0693
Rayong,Porites,1,0.2589535604106714,48.57259005118631,1e-5,5.5e-5,84.9430128823046,1e-5,3.6666666666666666e-5
Rayong,Psammocora,1,0.24999999999999992,0.33333333333333326,1,1,5860530157739339e16,0.16666666666666666,0.23835625
