genus,reef_type,site,quadrats
Acropora,Natural,Mango,9
Acropora,Artificial,Rayong,5
Coelastrea,Artificial,Rayong,107
Diploastrea,Natural,Mango,8
Diploastrea,Natural,Tanote,14
Dipsastrea,Natural,Rayong,5
Dipsastrea,Artificial,Mango,12
Dipsastrea,Artificial,Rayong,67
Favites,Natural,Rayong,7
Favites,Natural,Tanote,6
Favites,Artificial,Rayong,53
Leptastrea,Artificial,Mango,19
Leptastrea,Artificial,Rayong,22
Lobophyllia,Natural,Rayong,10
Lobophyllia,Natural,Tanote,6
Lobophyllia,Artificial,Rayong,7
Pavona,Natural,Rayong,21
Pavona,Natural,Tanote,5
Platygyra,Natural,Rayong,9
Platygyra,Natural,Tanote,12
Platygyra,Artificial,Mango,19
Platygyra,Artificial,Rayong,61
Platygyra,Artificial,Tanote,22
Porites,Natural,Mango,28
Porites,Natural,Rayong,38
Porites,Natural,Tanote,5
Porites,Artificial,Mango,7
Porites,Artificial,Rayong,103
