genus,term,df,r2,pseudo_f,p,p_adj
Lobophyllia,reef_type:bleaching_period,2,0.11498602363615694,2.3237603268191065,0.02893,0.187825
Porites,reef_type:bleaching_period,3,0.028013392634037463,1.998351436824831,0.03415,0.187825
Pocillopora,reef_type:bleaching_period,3,0.07407875317053186,1.8492421918057196,0.08652,0.31723999999999997
Dipsastrea,reef_type:bleaching_period,3,0.0634776213466433,1.132051565902949,0.45138,0.62783875
Favites,reef_type:bleaching_period,3,0.08306891845947455,1.0697002389539398,0.33905,0.62783875
Goniastrea,reef_type:bleaching_period,2,0.05121804898848615,0.9868755462320877,0.43454,0.62783875
Montipora,reef_type:bleaching_period,1,0.04999899757878703,1.1107046175652695,0.32986,0.62783875
Platygyra,reef_type:bleaching_period,3,0.014189925629388962,0.9823271183899933,0.45661,0.62783875
Acropora,reef_type:bleaching_period,3,0.02549684694953689,0.8731226585262363,0.54389,0.6647544444444444
Leptastrea,reef_type:bleaching_period,2,0.012903369360608546,0.47760565239153796,0.87852,0.87852
Pavona,reef_type:bleaching_period,2,0.0048296711964305105,0.15385508389764727,0.84677,0.87852
