question,location,site,bleaching_period,condition,natural_probability,artificial_probability,ar_nr_difference,lower_CI,upper_CI,p_adj
Q1,Koh Tao,NA,Middle,Healthy,0.3202425678105632,0.10526177128802656,-0.21498079652253665,-0.3427084494180593,-0.08725314362701403,0.004854054646773531
Q1,Rayong,NA,Middle,Healthy,0.0069854768031258375,0.765928898872787,0.7589434220696611,0.7024016446784592,0.8154851994608631,7.76411592295837e-152
Q1,Koh Tao,NA,Middle,Partially bleached,0.25786603692913534,0.4766767503740422,0.21881071344490688,0.06809060878620227,0.3695308181036115,0.011088428573414527
Q1,Rayong,NA,Middle,Partially bleached,0.005810550409122772,0.12284649000186486,0.11703593959274208,0.07684072915260688,0.1572311500328773,1.4389569997666646e-8
Q1,Koh Tao,NA,Middle,Fully bleached,0.30568986585557595,0.3190985221226002,0.013408656267024255,-0.1342512489668634,0.16106856150091192,0.881072804622594
Q1,Rayong,NA,Middle,Fully bleached,0.4152921775820811,0.027930181609864387,-0.3873619959722167,-0.5092799704552531,-0.26544402148918034,7.91078788964193e-10
Q1,Koh Tao,NA,Middle,Partially recently killed,0.08356455148527037,0.08043993356002244,-0.00312461792524793,-0.04405880573722195,0.03780956988672609,0.881072804622594
Q1,Rayong,NA,Middle,Partially recently killed,0.40071454354109226,0.0562572365034852,-0.3444573070376071,-0.43355295246477327,-0.2553616616104409,8.805659127895075e-14
Q1,Koh Tao,NA,Middle,Fully recently killed,0.03263697791945515,0.018523022655308637,-0.014113955264146511,-0.036799940319502816,0.008572029791209797,0.3711664520220853
Q1,Rayong,NA,Middle,Fully recently killed,0.17119725166457805,0.027037193011998608,-0.14416005865257944,-0.2116144647907961,-0.0767056525143628,2.8051572725569586e-5
Q2,Koh Tao,Mango,Start,Healthy,0.17807837097852888,0.2832650526971589,0.10518668171863002,-0.07479887226326656,0.28517223570052663,0.38773567787164215
Q2,Koh Tao,Mango,Middle,Healthy,0.10506956646139971,0.11884235346152733,0.013772787000127615,-0.09381234959972232,0.12135792359997755,0.8018838375190124
Q2,Koh Tao,Mango,Late,Healthy,0.19139442804606813,0.4480793104003323,0.2566848823542641,0.051470321227611915,0.4618994434809163,0.06596066704861767
Q2,Koh Tao,Mango,Post,Healthy,0.3069033265621629,0.08774761111830989,-0.219155715443853,-0.4082122483014782,-0.030099182586227846,0.06596066704861767
Q2,Koh Tao,Tanote,Start,Healthy,0.8818103231752972,0.7011779988715339,-0.1806323243037633,-0.38993660842267847,0.02867195981515186,0.13456679075457872
Q2,Koh Tao,Tanote,Middle,Healthy,0.6867194842763362,0.0456271626434025,-0.6410923216329337,-0.8500565168132085,-0.43212812645265897,1.2135611038355914e-8
Q2,Koh Tao,Tanote,Late,Healthy,0.742543368776541,0.07779906694389169,-0.6647443018326493,-0.8283073353471837,-0.5011812683181149,1.6444684497826136e-14
Q2,Koh Tao,Tanote,Post,Healthy,0.8588548791876304,0.1379257615931157,-0.7209291175945147,-0.8714594301965729,-0.5703988049924565,1.237237196662134e-19
Q2,Koh Tao,Mango,Start,Partially bleached,0.6271674079372667,0.5500971252495997,-0.07707028268766691,-0.2804703995284399,0.12632983415310603,0.6102586148988796
Q2,Koh Tao,Mango,Middle,Partially bleached,0.3203907771882106,0.5460738383109045,0.22568306112269393,0.040196482221973584,0.4111696400234143,0.06596066704861767
Q2,Koh Tao,Mango,Late,Partially bleached,0.3624766657086142,0.3150718022193469,-0.04740486348926731,-0.24007542738954205,0.14526570041100742,0.7008611639389454
Q2,Koh Tao,Mango,Post,Partially bleached,0.3618229520930435,0.7042259597173846,0.34240300762434106,0.1084991038378651,0.576306911410817,0.03802100135230309
Q2,Koh Tao,Tanote,Start,Partially bleached,0.04584462519952954,0.23689855570173254,0.191053930502203,0.018296498004080314,0.3638113630003257,0.06709694400773074
Q2,Koh Tao,Tanote,Middle,Partially bleached,0.14225589040461478,0.35636962201824646,0.21411373161363167,0.010001484569593322,0.41822597865767003,0.07233148476034067
Q2,Koh Tao,Tanote,Late,Partially bleached,0.11551749641241563,0.4595553459484941,0.3440378495360785,0.15169705720284077,0.5363786418693163,0.001517651484055285
Q2,Koh Tao,Tanote,Post,Partially bleached,0.06740877296827794,0.5214957878159429,0.4540870148476649,0.2566848624633137,0.6514891672320161,3.2638648718890544e-5
Q2,Koh Tao,Mango,Start,Fully bleached,0.10662608682779616,0.05626368406422005,-0.05036240276357611,-0.1235701050572843,0.02284529953013207,0.3228194747054212
Q2,Koh Tao,Mango,Middle,Fully bleached,0.418545020071073,0.23286651004879128,-0.18567851002228175,-0.3587035806174268,-0.012653439427136676,0.0885994373066639
Q2,Koh Tao,Mango,Late,Fully bleached,0.09080994630597634,0.11061203310283783,0.01980208679686149,-0.06321559115208109,0.10281976474580407,0.7008611639389454
Q2,Koh Tao,Mango,Post,Fully bleached,0.04214207163329549,0.07637027653567494,0.03422820490237945,-0.04800650453611184,0.11646291434087074,0.592316682704593
Q2,Koh Tao,Tanote,Start,Fully bleached,0.0027627615180047466,0.01434964363997418,0.011586882121969434,-0.010247572088384081,0.03342133633232295,0.3728706388297931
Q2,Koh Tao,Tanote,Middle,Fully bleached,0.13519842943195856,0.5125412428226565,0.37734281339069786,0.17189424439193388,0.5827913823894618,0.0012737392635333263
Q2,Koh Tao,Tanote,Late,Fully bleached,0.045636055876537865,0.2969470337318949,0.25131097785535705,0.09686617808971759,0.4057557776209965,0.004075737303671797
Q2,Koh Tao,Tanote,Post,Fully bleached,0.036034400594749966,0.21583432420505522,0.17979992361030525,0.03799457028997008,0.32160527693064045,0.03237819015690951
Q2,Koh Tao,Mango,Start,Partially recently killed,0.05854548457589612,0.0733917054730917,0.014846220897195589,-0.02956609121543189,0.05925853300982307,0.640439843917922
Q2,Koh Tao,Mango,Middle,Partially recently killed,0.12236429762558455,0.08804675669785908,-0.03431754092772547,-0.0929586940180121,0.024323612162561146,0.38773567787164215
Q2,Koh Tao,Mango,Late,Partially recently killed,0.16028265646396717,0.06809481570004529,-0.09218784076392188,-0.15524045678449822,-0.029135224743345525,0.03802100135230309
Q2,Koh Tao,Mango,Post,Partially recently killed,0.11008617729498626,0.04106793873246378,-0.06901823856252248,-0.1271276664295541,-0.010908810695490885,0.06596066704861767
Q2,Koh Tao,Tanote,Start,Partially recently killed,0.05235829273775604,0.028688706815992795,-0.023669585921763242,-0.07609658620345502,0.028757414359928547,0.44261418390651563
Q2,Koh Tao,Tanote,Middle,Partially recently killed,0.014099146879944487,0.059467939609116574,0.04536879272917209,3.881444363747072e-4,0.09034944102196947,0.0800925975891688
Q2,Koh Tao,Tanote,Late,Partially recently killed,0.054092218510469754,0.11343081724872425,0.0593385987382545,-0.01015058908137665,0.12882778655788565,0.13456679075457872
Q2,Koh Tao,Tanote,Post,Partially recently killed,0.016783750341024736,0.07237380975279731,0.05559005941177257,0.0031800307144116136,0.10800008810913353,0.07233148476034067
Q2,Koh Tao,Mango,Start,Fully recently killed,0.02958264968051204,0.03698243251592955,0.00739978283541751,-0.026180891308702593,0.040980456979537616,0.7008611639389454
Q2,Koh Tao,Mango,Middle,Fully recently killed,0.033630338653732224,0.014170541480917774,-0.01945979717281445,-0.0468122071478039,0.007892612802174997,0.3228194747054212
Q2,Koh Tao,Mango,Late,Fully recently killed,0.1950363034753741,0.0581420385774377,-0.13689426489793638,-0.23395330283744165,-0.0398352269584311,0.03802100135230309
Q2,Koh Tao,Mango,Post,Fully recently killed,0.1790454724165118,0.09058821389616684,-0.08845725852034497,-0.21082980838902127,0.03391529134833132,0.3228194747054212
Q2,Koh Tao,Tanote,Start,Fully recently killed,0.017223997369412436,0.01888509497076658,0.0016610976013541438,-0.0299382671154567,0.033260462318164985,0.917938936883718
Q2,Koh Tao,Tanote,Middle,Fully recently killed,0.021727049007145973,0.02599403290657801,0.004266983899432038,-0.03277033959751237,0.041304307396376444,0.8645839236935714
Q2,Koh Tao,Tanote,Late,Fully recently killed,0.0422108604240358,0.052267736126995014,0.010056875702959212,-0.04582572540310215,0.06593947680902057,0.8047729321305123
Q2,Koh Tao,Tanote,Post,Fully recently killed,0.020918196908317022,0.05237031663308885,0.031452119724771826,-0.020615344520955058,0.08351958397049872,0.3152463665449075
