genus,df,r2,pseudo_f,p_adj,dispersion_p_adj,dispersion_issue,interpretation
Lobophyllia,2,0.11498602363615694,2.3237603268191065,0.187825,1.32e-4,TRUE,Not significant
Porites,3,0.02801339263403746,1.998351436824831,0.187825,2.75e-5,TRUE,Not significant
Pocillopora,3,0.07407875317053186,1.8492421918057196,0.31723999999999997,0.12444666666666666,FALSE,Not significant
Dipsastrea,3,0.0634776213466433,1.132051565902949,0.62783875,2.75e-5,TRUE,Not significant
Favites,3,0.08306891845947455,1.0697002389539398,0.62783875,0.00304333333333333,TRUE,Not significant
Goniastrea,2,0.05121804898848615,0.9868755462320876,0.62783875,0.10615,FALSE,Not significant
Montipora,1,0.04999899757878703,1.1107046175652695,0.62783875,0.16779,FALSE,Not significant
Platygyra,3,0.01418992562938896,0.9823271183899932,0.62783875,0.00410142857142857,TRUE,Not significant
Acropora,3,0.02549684694953689,0.8731226585262363,0.6647544444444444,2.75e-5,TRUE,Not significant
Leptastrea,2,0.01290336936060854,0.4776056523915379,0.87852,2.75e-5,TRUE,Not significant
Pavona,2,0.00482967119643051,0.1538550838976473,0.87852,0.16779,FALSE,Not significant
