genus,kt_r2,rayong_r2,kt_p_adj,rayong_p_adj,kt_dispersion,rayong_dispersion
Acropora,0.17279753943431844,NA,0.20977,NA,No,NA
Astreopora,NA,0.2640624999999981,NA,0.55,NA,No
Dipsastrea,0.15019633507853208,0.15108545656462746,0.6236371428571428,9.35e-4,No,No
Favites,0.06748460308177023,0.1691698637750984,0.8571428571428571,5.499999999999999e-4,Yes,No
Goniastrea,0.02395209580838278,0.15881556151134132,0.55,0.08432875000000001,Yes,No
Hydnophora,NA,0.22524198057338576,NA,0.066275,NA,Yes
Leptastrea,0.08988393240767821,NA,0.68941125,NA,Yes,NA
Lobophyllia,0.3117252989265142,0.4381167246138538,0.5892857142857143,0.001144,No,Yes
Montipora,0.28559260657125574,NA,0.55,NA,No,NA
Pavona,0.05307758905947511,0.07873920368308476,0.7333333333333334,0.2809888888888889,No,No
Platygyra,0.06143513557712594,0.2894807614131452,0.11913,5.5e-5,No,No
Pocillopora,0.0383056209493713,0.32864398449072463,0.8571428571428571,0.08432875000000001,No,No
Porites,0.08111424674248058,0.2589535604106714,0.11913,5.5e-5,No,Yes
Psammocora,NA,0.24999999999999992,NA,1,NA,No
