site,bleaching_period,reef_type,condition,probability,SE,lower_CI,upper_CI
Mango,Start,Natural,Healthy,0.17807837097852888,0.05977421995396346,0.06092305266478509,0.29523368929227267
Mango,Start,Artificial,Healthy,0.2832650526971589,0.06971359038271017,0.14662892631406912,0.4199011790802487
Mango,Middle,Natural,Healthy,0.10506956646139971,0.04030367466047475,0.026075815682249648,0.18406331724054978
Mango,Middle,Artificial,Healthy,0.11884235346152733,0.03726496875906049,0.04580435680875852,0.19188035011429613
Mango,Late,Natural,Healthy,0.19139442804606813,0.0604867205231914,0.07284263427767329,0.30994622181446296
Mango,Late,Artificial,Healthy,0.4480793104003323,0.08546416294317874,0.2805726290628393,0.6155859917378252
Mango,Post,Natural,Healthy,0.3069033265621629,0.08067894350284457,0.1487755029858458,0.46503115013848
Mango,Post,Artificial,Healthy,0.08774761111830989,0.052870434718868466,-0.015876536777648317,0.19137175901426812
Tanote,Start,Natural,Healthy,0.8818103231752972,0.04712962178783236,0.7894379618661516,0.9741826844844428
Tanote,Start,Artificial,Healthy,0.7011779988715339,0.09582731056828607,0.5133599214223588,0.888996076320709
Tanote,Middle,Natural,Healthy,0.6867194842763362,0.103747595602373,0.4833779334130591,0.8900610351396133
Tanote,Middle,Artificial,Healthy,0.0456271626434025,0.024565856369757368,-0.002521031090705804,0.0937753563775108
Tanote,Late,Natural,Healthy,0.742543368776541,0.07449949311723737,0.5965270454002662,0.8885596921528158
Tanote,Late,Artificial,Healthy,0.07779906694389169,0.03760414830112602,0.004096290604381658,0.15150184328340172
Tanote,Post,Natural,Healthy,0.8588548791876304,0.04475703447563999,0.7711327035605585,0.9465770548147022
Tanote,Post,Artificial,Healthy,0.1379257615931157,0.06241350714829261,0.015597535433629017,0.2602539877526024
Mango,Start,Natural,Partially bleached,0.6271674079372667,0.07445683654082261,0.48123468991446855,0.7731001259600647
Mango,Start,Artificial,Partially bleached,0.5500971252495997,0.07229069216288217,0.4084099721928788,0.6917842783063207
Mango,Middle,Natural,Partially bleached,0.3203907771882106,0.06979707065079398,0.1835910324862568,0.45719052189016435
Mango,Middle,Artificial,Partially bleached,0.5460738383109045,0.06391144181672308,0.42080971415010016,0.6713379624717088
Mango,Late,Natural,Partially bleached,0.3624766657086142,0.07003098572646813,0.22521845588289813,0.49973487553433027
Mango,Late,Artificial,Partially bleached,0.3150718022193469,0.06898668965653999,0.17986037507988667,0.4502832293588071
Mango,Post,Natural,Partially bleached,0.3618229520930435,0.07348902164138851,0.21778711641683746,0.5058587877692495
Mango,Post,Artificial,Partially bleached,0.7042259597173846,0.09402988209545858,0.5199307773397381,0.888521142095031
Tanote,Start,Natural,Partially bleached,0.04584462519952954,0.023866910335704896,-9.336594806988105e-4,0.09262290987975788
Tanote,Start,Artificial,Partially bleached,0.23689855570173254,0.08485038864005646,0.07059484989299539,0.4032022615104697
Tanote,Middle,Natural,Partially bleached,0.14225589040461478,0.061173091586061684,0.022358834072963713,0.2621529467362659
Tanote,Middle,Artificial,Partially bleached,0.35636962201824646,0.08428026013862051,0.19118334753888355,0.5215558964976094
Tanote,Late,Natural,Partially bleached,0.11551749641241563,0.04315904612476703,0.030927320400769287,0.20010767242406197
Tanote,Late,Artificial,Partially bleached,0.4595553459484941,0.08813482623520472,0.286814260743797,0.6322964311531912
Tanote,Post,Natural,Partially bleached,0.06740877296827794,0.02620393492208708,0.016050004267755894,0.11876754166879998
Tanote,Post,Artificial,Partially bleached,0.5214957878159429,0.09724872818966988,0.33089178302186484,0.7120997926100209
Mango,Start,Natural,Fully bleached,0.10662608682779616,0.03242351231792665,0.04307717043236914,0.17017500322322318
Mango,Start,Artificial,Fully bleached,0.05626368406422005,0.01854331414519531,0.019919456185625115,0.09260791194281498
Mango,Middle,Natural,Fully bleached,0.418545020071073,0.07355619524618297,0.27437752654875813,0.5627125135933879
Mango,Middle,Artificial,Fully bleached,0.23286651004879128,0.04881388120990295,0.13719306093176503,0.3285399591658175
Mango,Late,Natural,Fully bleached,0.09080994630597634,0.027257747140521586,0.03738574361085441,0.14423414900109827
Mango,Late,Artificial,Fully bleached,0.11061203310283783,0.03242080109595486,0.04706843060482961,0.17415563560084607
Mango,Post,Natural,Fully bleached,0.04214207163329549,0.014847827563912475,0.01304086435936596,0.07124327890722501
Mango,Post,Artificial,Fully bleached,0.07637027653567494,0.039242238669659306,-5.430979295822785e-4,0.15328365100093216
Tanote,Start,Natural,Fully bleached,0.0027627615180047466,0.0026700764169645245,-0.002470492095215472,0.007996015131224965
Tanote,Start,Artificial,Fully bleached,0.01434964363997418,0.010815519822141325,-0.006848385685501859,0.03554767296545022
Tanote,Middle,Natural,Fully bleached,0.13519842943195856,0.057288705867244445,0.02291462921125101,0.2474822296526661
Tanote,Middle,Artificial,Fully bleached,0.5125412428226565,0.08778261109122373,0.3404904866149717,0.6845919990303412
Tanote,Late,Natural,Fully bleached,0.045636055876537865,0.018757016121642694,0.008872979820681033,0.0823991319323947
Tanote,Late,Artificial,Fully bleached,0.2969470337318949,0.07653486277885875,0.1469414591236167,0.44695260834017314
Tanote,Post,Natural,Fully bleached,0.036034400594749966,0.014731223092651475,0.007161733884928332,0.0649070673045716
Tanote,Post,Artificial,Fully bleached,0.21583432420505522,0.07083543039252159,0.07699943180631902,0.3546692166037914
Mango,Start,Natural,Partially recently killed,0.05854548457589612,0.014223632021069514,0.03066767808524922,0.086423291066543
Mango,Start,Artificial,Partially recently killed,0.0733917054730917,0.017639529000115686,0.038818863928615145,0.10796454701756827
Mango,Middle,Natural,Partially recently killed,0.12236429762558455,0.02343566227745587,0.07643124360792712,0.168297351643242
Mango,Middle,Artificial,Partially recently killed,0.08804675669785908,0.018599638146114723,0.0515921358059969,0.12450137758972127
Mango,Late,Natural,Partially recently killed,0.16028265646396717,0.027313808670590092,0.10674857518899275,0.21381673773894158
Mango,Late,Artificial,Partially recently killed,0.06809481570004529,0.01699657670557063,0.034782137496654424,0.10140749390343615
Mango,Post,Natural,Partially recently killed,0.11008617729498626,0.02167307400193133,0.0676077328169295,0.15256462177304303
Mango,Post,Artificial,Partially recently killed,0.04106793873246378,0.02023102425410659,0.0014158598240585699,0.080720017640869
Tanote,Start,Natural,Partially recently killed,0.05235829273775604,0.021872269935015374,0.009489431404987689,0.09522715407052439
Tanote,Start,Artificial,Partially recently killed,0.028688706815992795,0.015398400083759402,-0.001491602767714175,0.05886901639969977
Tanote,Middle,Natural,Partially recently killed,0.014099146879944487,0.007681472051390433,-9.562616890317639e-4,0.02915455544892074
Tanote,Middle,Artificial,Partially recently killed,0.059467939609116574,0.021626030351355983,0.017081698991888772,0.10185418022634438
Tanote,Late,Natural,Partially recently killed,0.054092218510469754,0.017096881858763957,0.020582945819356192,0.08760149120158331
Tanote,Late,Artificial,Partially recently killed,0.11343081724872425,0.031059706176419292,0.05255491177254619,0.17430672272490233
Tanote,Post,Natural,Partially recently killed,0.016783750341024736,0.00637806130923168,0.004282979883742263,0.02928452079830721
Tanote,Post,Artificial,Partially recently killed,0.07237380975279731,0.025968520956452246,0.021476443946377287,0.12327117555921732
Mango,Start,Natural,Fully recently killed,0.02958264968051204,0.01083565884975687,0.008345148586225874,0.050820150774798206
Mango,Start,Artificial,Fully recently killed,0.03698243251592955,0.013271732062180193,0.01097031566159088,0.06299454937026822
Mango,Middle,Natural,Fully recently killed,0.033630338653732224,0.012272092508054205,0.009577479323002167,0.05768319798446228
Mango,Middle,Artificial,Fully recently killed,0.014170541480917774,0.006644818572939943,0.0011469363941526527,0.027194146567682896
Mango,Late,Natural,Fully recently killed,0.1950363034753741,0.04570143580458434,0.1054631352566195,0.2846094716941287
Mango,Late,Artificial,Fully recently killed,0.0581420385774377,0.019070686909271783,0.020764179074825542,0.09551989808004986
Mango,Post,Natural,Fully recently killed,0.1790454724165118,0.04429749886207835,0.09222397004163424,0.2658669747913894
Mango,Post,Artificial,Fully recently killed,0.09058821389616684,0.04400001008691898,0.004349778806406579,0.1768266489859271
Tanote,Start,Natural,Fully recently killed,0.017223997369412436,0.009993115272188036,-0.0023621486574332863,0.036810143396258155
Tanote,Start,Artificial,Fully recently killed,0.01888509497076658,0.01265188166107409,-0.005912137421601422,0.043682327363134585
Tanote,Middle,Natural,Fully recently killed,0.021727049007145973,0.01206097475785341,-0.0019120271366934033,0.04536612515098535
Tanote,Middle,Artificial,Fully recently killed,0.02599403290657801,0.01454741425919886,-0.002518375109636175,0.05450644092279219
Tanote,Late,Natural,Fully recently killed,0.0422108604240358,0.017019006298809855,0.008854221025708174,0.07556749982236344
Tanote,Late,Artificial,Fully recently killed,0.052267736126995014,0.022875548303492706,0.007432485325542991,0.09710298692844704
Tanote,Post,Natural,Fully recently killed,0.020918196908317022,0.008936934905134425,0.0034021263620746707,0.03843426745455937
Tanote,Post,Artificial,Fully recently killed,0.05237031663308885,0.02501715604494533,0.0033375917893775156,0.10140304147680018
