site,bleaching_period,condition,contrast,estimate,lower_CI,upper_CI,SE,z_ratio,p,p_adj
Mango,Start,Healthy,Artificial - Natural,0.10518668171863002,-0.07479887226326656,0.28517223570052663,0.09183105169360241,1.145436971250086,0.2520281906165674,0.38773567787164215
Mango,Middle,Healthy,Artificial - Natural,0.013772787000127615,-0.09381234959972232,0.12135792359997755,0.054891384458320563,0.25090981282473196,0.8018838375190124,0.8018838375190124
Mango,Late,Healthy,Artificial - Natural,0.2566848823542641,0.051470321227611915,0.4618994434809163,0.10470323064370497,2.4515469176661617,0.014224364141457896,0.06596066704861767
Mango,Post,Healthy,Artificial - Natural,-0.219155715443853,-0.4082122483014782,-0.030099182586227846,0.0964591871834784,-2.272004583938586,0.02308623346701618,0.06596066704861767
Tanote,Start,Healthy,Artificial - Natural,-0.1806323243037633,-0.38993660842267847,0.02867195981515186,0.10678986234945169,-1.69147445581187,0.09074622246731591,0.13456679075457872
Tanote,Middle,Healthy,Artificial - Natural,-0.6410923216329337,-0.8500565168132085,-0.43212812645265897,0.10661634439640615,-6.0130773125114185,1.820341655753387e-9,1.2135611038355914e-8
Tanote,Late,Healthy,Artificial - Natural,-0.6647443018326493,-0.8283073353471837,-0.5011812683181149,0.08345206075453367,-7.965582824706171,1.6444684497826136e-15,1.6444684497826136e-14
Tanote,Post,Healthy,Artificial - Natural,-0.7209291175945147,-0.8714594301965729,-0.5703988049924565,0.07680259116464494,-9.386781183580496,6.186185983310669e-21,1.237237196662134e-19
Mango,Start,Partially bleached,Artificial - Natural,-0.07707028268766691,-0.2804703995284399,0.12632983415310603,0.10377747675220933,-0.7426494177699898,0.45769396117415967,0.6102586148988796
Mango,Middle,Partially bleached,Artificial - Natural,0.22568306112269393,0.040196482221973584,0.4111696400234143,0.09463774863406414,2.38470445863355,0.017092846880609237,0.06596066704861767
Mango,Late,Partially bleached,Artificial - Natural,-0.04740486348926731,-0.24007542738954205,0.14526570041100742,0.09830311445518164,-0.4822315523978657,0.6296414649472823,0.7008611639389454
Mango,Post,Partially bleached,Artificial - Natural,0.34240300762434106,0.1084991038378651,0.576306911410817,0.1193409193390696,2.869116557176092,0.004116200822446399,0.03802100135230309
Tanote,Start,Partially bleached,Artificial - Natural,0.191053930502203,0.018296498004080314,0.3638113630003257,0.08814316684429477,2.167541028332922,0.03019362480347883,0.06709694400773074
Tanote,Middle,Partially bleached,Artificial - Natural,0.21411373161363167,0.010001484569593322,0.41822597865767003,0.10414081516499782,2.056002070604074,0.03978231661818737,0.07233148476034067
Tanote,Late,Partially bleached,Artificial - Natural,0.3440378495360785,0.15169705720284077,0.5363786418693163,0.09813486056396825,3.5057659180329788,4.5529544521658553e-4,0.001517651484055285
Tanote,Post,Partially bleached,Artificial - Natural,0.4540870148476649,0.2566848624633137,0.6514891672320161,0.10071723457238718,4.508533388308084,6.527729743778108e-6,3.2638648718890544e-5
Mango,Start,Fully bleached,Artificial - Natural,-0.05036240276357611,-0.1235701050572843,0.02284529953013207,0.03735155486078378,-1.3483348404446935,0.17755071108798168,0.3228194747054212
Mango,Middle,Fully bleached,Artificial - Natural,-0.18567851002228175,-0.3587035806174268,-0.012653439427136676,0.0882797194029813,-2.103297464898956,0.03543977492266556,0.0885994373066639
Mango,Late,Fully bleached,Artificial - Natural,0.01980208679686149,-0.06321559115208109,0.10281976474580407,0.04235673645218762,0.4675073779400859,0.6401369147437923,0.7008611639389454
Mango,Post,Fully bleached,Artificial - Natural,0.03422820490237945,-0.04800650453611184,0.11646291434087074,0.041957255381807126,0.8157875101911687,0.41462167789321513,0.592316682704593
Tanote,Start,Fully bleached,Artificial - Natural,0.011586882121969434,-0.010247572088384081,0.03342133633232295,0.011140232362727537,1.040093397040467,0.2982965110638345,0.3728706388297931
Tanote,Middle,Fully bleached,Artificial - Natural,0.37734281339069786,0.17189424439193388,0.5827913823894618,0.1048226246090827,3.5998222215664857,3.184348158833316e-4,0.0012737392635333263
Tanote,Late,Fully bleached,Artificial - Natural,0.25131097785535705,0.09686617808971759,0.4057557776209965,0.07879981519246292,3.189233086924734,0.0014265080562851288,0.004075737303671797
Tanote,Post,Fully bleached,Artificial - Natural,0.17979992361030525,0.03799457028997008,0.32160527693064045,0.07235099952799019,2.485106284409335,0.012951276062763802,0.03237819015690951
Mango,Start,Partially recently killed,Artificial - Natural,0.014846220897195589,-0.02956609121543189,0.05925853300982307,0.022659759293000355,0.655179991332989,0.5123518751343376,0.640439843917922
Mango,Middle,Partially recently killed,Artificial - Natural,-0.03431754092772547,-0.0929586940180121,0.024323612162561146,0.029919505436243,-1.1469955945914438,0.2513834416559758,0.38773567787164215
Mango,Late,Partially recently killed,Artificial - Natural,-0.09218784076392188,-0.15524045678449822,-0.029135224743345525,0.03217029318800109,-2.8656201615938706,0.004161932881129385,0.03802100135230309
Mango,Post,Partially recently killed,Artificial - Natural,-0.06901823856252248,-0.1271276664295541,-0.010908810695490885,0.02964821207195202,-2.327905588202923,0.019917117459782828,0.06596066704861767
Tanote,Start,Partially recently killed,Artificial - Natural,-0.023669585921763242,-0.07609658620345502,0.028757414359928547,0.026748961049911785,-0.8848787015539544,0.3762220563205383,0.44261418390651563
Tanote,Middle,Partially recently killed,Artificial - Natural,0.04536879272917209,3.881444363747072e-4,0.09034944102196947,0.022949732060180195,1.9768767936027862,0.04805555855350128,0.0800925975891688
Tanote,Late,Partially recently killed,Artificial - Natural,0.0593385987382545,-0.01015058908137665,0.12882778655788565,0.03545431873634058,1.6736634873605003,0.0941967535282051,0.13456679075457872
Tanote,Post,Partially recently killed,Artificial - Natural,0.05559005941177257,0.0031800307144116136,0.10800008810913353,0.026740301919200862,2.078886752279194,0.03762776063738249,0.07233148476034067
Mango,Start,Fully recently killed,Artificial - Natural,0.00739978283541751,-0.026180891308702593,0.040980456979537616,0.017133311840931868,0.4318944815875739,0.6658181057419982,0.7008611639389454
Mango,Middle,Fully recently killed,Artificial - Natural,-0.01945979717281445,-0.0468122071478039,0.007892612802174997,0.013955567648559758,-1.394411009488585,0.16319352539673382,0.3228194747054212
Mango,Late,Fully recently killed,Artificial - Natural,-0.13689426489793638,-0.23395330283744165,-0.0398352269584311,0.04952082727289615,-2.764377584880567,0.005703150202845463,0.03802100135230309
Mango,Post,Fully recently killed,Artificial - Natural,-0.08845725852034497,-0.21082980838902127,0.03391529134833132,0.062436121701181964,-1.4167641440591017,0.15655189615011253,0.3228194747054212
Tanote,Start,Fully recently killed,Artificial - Natural,0.0016610976013541438,-0.0299382671154567,0.033260462318164985,0.016122421108787005,0.10303028249577331,0.917938936883718,0.917938936883718
Tanote,Middle,Fully recently killed,Artificial - Natural,0.004266983899432038,-0.03277033959751237,0.041304307396376444,0.018896940856612726,0.22580289221463404,0.8213547275088928,0.8645839236935714
Tanote,Late,Fully recently killed,Artificial - Natural,0.010056875702959212,-0.04582572540310215,0.06593947680902057,0.028512055092265065,0.352723634631567,0.724295638917461,0.8047729321305123
Tanote,Post,Fully recently killed,Artificial - Natural,0.031452119724771826,-0.020615344520955058,0.08351958397049872,0.026565520926113143,1.1839451525249518,0.23643477490868064,0.3152463665449075
