genus,reef_type,site,quadrats,H,PBL,FBL,PRK,FRK
Diploastrea,Natural,Mango,8,0.8653846153846154,0.1346153846153846,0,0,0
Diploastrea,Natural,Tanote,14,0.9736801242236025,0.013819875776397516,0.012499999999999999,0,0
Dipsastrea,Artificial,Mango,12,0.024509803921568627,0.4705882352941177,0.41666666666666663,0.08823529411764705,0
Dipsastrea,Artificial,Rayong,67,0.8046118751342632,0.054635552396746424,0,0.09361318615049959,0.047139386318490795
Favites,Natural,Rayong,7,0.19387755102040818,0,0.34183673469387754,0.3401360544217687,0.12414965986394558
Favites,Natural,Tanote,6,0.21428571428571427,0.2857142857142857,0.4444444444444444,0.05555555555555555,0
Leptastrea,Artificial,Mango,19,0.27144896146444136,0.4807894249844714,0.1681077694235589,0.03360121254858097,0.04605263157894738
Leptastrea,Artificial,Rayong,22,0.5643462598008052,0.1066645475736385,0.02852049910873441,0.18834009128126775,0.11212860223555411
Lobophyllia,Natural,Rayong,10,0,0.03333333333333333,0.8855555555555555,0.04492063492063492,0.03619047619047619
Lobophyllia,Natural,Tanote,6,0.03819444444444444,0.5347222222222222,0.42708333333333337,0,0
Pavona,Natural,Rayong,21,0.047619047619047616,0,0.5206014884586313,0.33232891447177165,0.09945054945054946
Pavona,Natural,Tanote,5,0.9,0.05,0,0,0.05
Platygyra,Natural,Rayong,9,0.11111111111111109,0.06666666666666667,0.7444444444444445,0.06666666666666668,0.011111111111111112
Platygyra,Natural,Tanote,12,0.30238095238095236,0.2845238095238095,0.1880952380952381,0.05833333333333333,0.16666666666666666
Platygyra,Artificial,Mango,19,0.06954887218045112,0.5958646616541353,0.3082706766917293,0.026315789473684223,0
Platygyra,Artificial,Rayong,61,0.7781447749143025,0.13773707708133937,0.011571841851494699,0.06468076550043762,0.0078655406524259
Platygyra,Artificial,Tanote,22,0.029761904761904764,0.5322215663124754,0.30165289256198347,0.06439393939393938,0.07196969696969698
Porites,Natural,Mango,28,0.05227009832272991,0.3156384390847443,0.47153223840784997,0.13070639843899293,0.02985282574568289
Porites,Natural,Rayong,38,0,0,0.27816857672144485,0.4347805180096228,0.28705090526893234
Porites,Natural,Tanote,5,0.42363636363636364,0.15818181818181817,0.2181818181818182,0,0.2
Porites,Artificial,Mango,7,0.327457757296467,0.46808755760368664,0.00921658986175115,0.19523809523809527,0
Porites,Artificial,Rayong,103,0.3921349868165973,0.3130766495386712,0.17592819199329768,0.0609752895432507,0.05788488210818308
