genus,reef_type,df,r2,pseudo_f,p,p_adj,dispersion_f,dispersion_p,dispersion_p_adj
Diploastrea,Natural,1,0.07486501139628636,1.6184667603865803,0.22587,0.22587,1.3752644476739648,0.28041,0.33649199999999996
Dipsastrea,Artificial,1,0.34280147466280364,40.16398779271867,1e-5,2e-5,9.907674338209665,0.00506,0.01012
Favites,Natural,1,0.1250625969429607,1.572327987769068,0.20823,0.22587,0.359518040246983,0.54629,0.54629
Leptastrea,Artificial,1,0.16912531437526013,7.938486241972408,3.7e-4,4.933333333333333e-4,2.4600284225712,0.12316,0.12316
Lobophyllia,Natural,1,0.3973010996165702,9.22884609726908,0.00718,0.01436,3.160645997664519,0.07942,0.130425
Pavona,Natural,1,0.44523192872697026,19.261321699583533,7e-5,2.1e-4,3.200899837206697,0.06295,0.130425
Platygyra,Natural,1,0.18412853517783287,4.287982015820802,0.01146,0.01719,3.3197698772976776,0.08695,0.130425
Platygyra,Artificial,2,0.361719519229457,28.052113046356713,1e-5,2e-5,2.431736674000334,0.09084,0.12112
Porites,Natural,2,0.34582510184174425,17.97386829687685,1e-5,6.000000000000001e-5,3.157108416894369,0.04897,0.130425
Porites,Artificial,1,0.01158931094457065,1.2663213741746988,0.27807,0.27807,12.88899162155016,5.3e-4,0.00212
