condition,reef_type_contrast,period_contrast,site_contrast,estimate,SE,z_ratio,p
Healthy,Natural - Artificial,Start - Middle,Mango - Tanote,2.1159083488584325,1.0046689632756842,2.1060751612746107,0.035197824042019044
Healthy,Natural - Artificial,Start - Late,Mango - Tanote,2.5537019590728116,0.9478498738825873,2.694205094539207,0.007055673384009578
Healthy,Natural - Artificial,Start - Post,Mango - Tanote,0.6108554567960705,1.0317670728618051,0.5920478302353117,0.5538185600756
Healthy,Natural - Artificial,Middle - Late,Mango - Tanote,0.437793610214379,0.9894331053216947,0.44246913496192253,0.6581497604195772
Healthy,Natural - Artificial,Middle - Post,Mango - Tanote,-1.5050528920623623,1.0700942851586088,-1.4064675542485343,0.15958533264521155
Healthy,Natural - Artificial,Late - Post,Mango - Tanote,-1.942846502276741,1.0169372826182177,-1.9104880266309712,0.056070406569375966
Partially bleached,Natural - Artificial,Start - Middle,Mango - Tanote,1.3630494851361874,0.8255918318952822,1.6509968152265782,0.09873922520529195
Partially bleached,Natural - Artificial,Start - Late,Mango - Tanote,0.3929865145298005,0.7955883373855439,0.49395710829702416,0.6213364713639238
Partially bleached,Natural - Artificial,Start - Post,Mango - Tanote,1.1209246724095032,0.8460772905119354,1.3248490238182213,0.1852212311397104
Partially bleached,Natural - Artificial,Middle - Late,Mango - Tanote,-0.9700629706063868,0.7556021730359045,-1.2838276612000845,0.19920226274665223
Partially bleached,Natural - Artificial,Middle - Post,Mango - Tanote,-0.24212481272668424,0.8085917528844233,-0.29944012149885546,0.764604253144136
Partially bleached,Natural - Artificial,Late - Post,Mango - Tanote,0.7279381578797026,0.7779328714769628,0.9357338975760962,0.3494102131338393
Fully bleached,Natural - Artificial,Start - Middle,Mango - Tanote,0.34250156208488114,1.1467547608788684,0.29867027700184934,0.7651916379556476
Fully bleached,Natural - Artificial,Start - Late,Mango - Tanote,0.7516684152608865,1.147629629434269,0.6549747374781758,0.5124840192350082
Fully bleached,Natural - Artificial,Start - Post,Mango - Tanote,1.8186969936605837,1.2093573700457652,1.5038540622543686,0.1326189474340748
Fully bleached,Natural - Artificial,Middle - Late,Mango - Tanote,0.4091668531760053,0.7615747302125351,0.5372642197067355,0.5910851169736591
Fully bleached,Natural - Artificial,Middle - Post,Mango - Tanote,1.4761954315757024,0.8517555704701133,1.7331209595270851,0.0830741717510611
Fully bleached,Natural - Artificial,Late - Post,Mango - Tanote,1.0670285783996971,0.8529330786081404,1.2510109001059364,0.21093050065448413
Partially recently killed,Natural - Artificial,Start - Middle,Mango - Tanote,-2.6213864361816848,0.8106939928922774,-3.2335091405198146,0.0012227942305192115
Partially recently killed,Natural - Artificial,Start - Late,Mango - Tanote,-2.283663544095433,0.7011357554132487,-3.2570918348750366,0.0011256001007347582
Partially recently killed,Natural - Artificial,Start - Post,Mango - Tanote,-2.547669063860861,0.8112616410233573,-3.1403790528628117,0.001687293623485855
Partially recently killed,Natural - Artificial,Middle - Late,Mango - Tanote,0.3377228920862513,0.6939073562416718,0.48669737977043476,0.6264728023637416
Partially recently killed,Natural - Artificial,Middle - Post,Mango - Tanote,0.0737173723208237,0.8050226839805878,0.09157179516521712,0.9270382614689263
Partially recently killed,Natural - Artificial,Late - Post,Mango - Tanote,-0.264005519765428,0.6945704565633302,-0.3800989766707077,0.7038719453828453
Fully recently killed,Natural - Artificial,Start - Middle,Mango - Tanote,-1.2000729598978164,1.1117688897110163,-1.0794266425369692,0.28039757932064713
Fully recently killed,Natural - Artificial,Start - Late,Mango - Tanote,-1.4146933447680654,0.9785245973635727,-1.445741219566332,0.14824979838700925
Fully recently killed,Natural - Artificial,Start - Post,Mango - Tanote,-1.0028080590052966,1.0365188888712615,-0.9674768783975803,0.3333056944145316
Fully recently killed,Natural - Artificial,Middle - Late,Mango - Tanote,-0.21462038487024904,0.9695935655622504,-0.22135087576183987,0.8248192391433109
Fully recently killed,Natural - Artificial,Middle - Post,Mango - Tanote,0.1972649008925198,1.0280917768959592,0.19187479690588227,0.8478402797722301
Fully recently killed,Natural - Artificial,Late - Post,Mango - Tanote,0.41188528576276906,0.8822998499588259,0.46683141313238397,0.6406204992237423
