genus,reef_type,bleaching_period,quadrats,H,PBL,FBL,PRK,FRK
Acropora,Natural,Start,14,0.691156462585034,0.19751439037153323,0,0.03950811093668236,0.07182103610675039
Acropora,Natural,Middle,10,0,0.3064123376623377,0.39668258212375856,0.05815508021390374,0.23875
Acropora,Natural,Late,25,0.08666666666666666,0.33156754642136255,0.17546938994509328,0.06412454212454213,0.34217185484233537
Acropora,Natural,Post,27,0.17631054201935428,0.27944460109211067,0.08293132474166957,0.09089773395328953,0.37041579819357595
Acropora,Artificial,Start,3,0.35277777777777775,0.6472222222222223,0,0,0
Acropora,Artificial,Middle,5,0.3333333333333333,0.5929411764705882,0.07372549019607844,0,0
Acropora,Artificial,Late,3,0.42857142857142855,0.5714285714285714,0,0,0
Acropora,Artificial,Post,1,0,1,0,0,0
Dipsastrea,Natural,Start,1,0,0,0,0,1
Dipsastrea,Natural,Middle,2,0,0,1,0,0
Dipsastrea,Natural,Late,2,0,0,0.55,0.35,0.1
Dipsastrea,Natural,Post,2,0.5,0,0.5,0,0
Dipsastrea,Artificial,Start,13,0.3141025641025641,0.5256410256410257,0.019230769230769232,0.14102564102564102,0
Dipsastrea,Artificial,Middle,16,0.01838235294117647,0.5404411764705882,0.375,0.06617647058823531,0
Dipsastrea,Artificial,Late,9,0.09876543209876543,0.36574074074074076,0.4305555555555556,0.04938271604938271,0.05555555555555555
Dipsastrea,Artificial,Post,4,0,0.6335227272727273,0.3664772727272727,0,0
Favites,Natural,Start,2,0.625,0.125,0,0.25,0
Favites,Natural,Middle,7,0.1836734693877551,0.38775510204081637,0.38095238095238093,0.047619047619047616,0
Favites,Natural,Late,4,0.375,0.125,0.16666666666666669,0.33333333333333337,0
Favites,Natural,Post,10,0.41333333333333333,0.3566666666666667,0.16,0.06999999999999999,0
Favites,Artificial,Start,5,0.42000000000000004,0.54,0.04,0,0
Favites,Artificial,Middle,3,0,1,0,0,0
Favites,Artificial,Late,5,0.2,0.4266666666666667,0.3333333333333333,0.04,0
Favites,Artificial,Post,2,0.5,0,0.5,0,0
Goniastrea,Natural,Middle,4,0,0.33333333333333337,0.575,0.05,0.041666666666666664
Goniastrea,Natural,Late,8,0.46117424242424243,0.35700757575757575,0.1590909090909091,0.011363636363636362,0.011363636363636362
Goniastrea,Natural,Post,7,0.14285714285714288,0.3095238095238095,0.2857142857142857,0.14285714285714285,0.11904761904761904
Goniastrea,Artificial,Start,11,0.41666666666666663,0.4924242424242424,0.0909090909090909,0,0
Goniastrea,Artificial,Middle,4,0,0,1,0,0
Goniastrea,Artificial,Late,5,0.4,0.29,0.14444444444444443,0.11222222222222222,0.05333333333333334
Goniastrea,Artificial,Post,5,0,0.8,0.12941176470588237,0.047058823529411764,0.023529411764705882
Leptastrea,Natural,Middle,1,0.6666666666666666,0,0,0,0.3333333333333333
Leptastrea,Natural,Late,1,1,0,0,0,0
Leptastrea,Natural,Post,1,1,0,0,0,0
Leptastrea,Artificial,Start,24,0.22517887205387205,0.5555706480338833,0.09375,0.05757575757575757,0.06792472233648704
Leptastrea,Artificial,Middle,22,0.23443319399201754,0.5061363215774981,0.17927489177489178,0.04038286538286538,0.03977272727272726
Leptastrea,Artificial,Late,30,0.4050634976629332,0.39487951402450033,0.017816091954022985,0.07511476812947401,0.1071261282290694
Leptastrea,Artificial,Post,12,0.010416666666666666,0.6938860461338532,0.09389213775178687,0.015767137751786876,0.18603801169590645
Lobophyllia,Natural,Start,7,0.7619047619047619,0.11904761904761904,0,0.11904761904761904,0
Lobophyllia,Natural,Middle,6,0.03819444444444444,0.5347222222222222,0.42708333333333337,0,0
Lobophyllia,Natural,Late,8,0.4131944444444444,0.3923611111111111,0.13194444444444445,0,0.0625
Lobophyllia,Natural,Post,10,0.3952380952380952,0.19285714285714284,0.2333333333333333,0.028571428571428567,0.15
Lobophyllia,Artificial,Start,1,0,1,0,0,0
Lobophyllia,Artificial,Middle,2,0,0,1,0,0
Lobophyllia,Artificial,Post,2,0,0,1,0,0
Montipora,Natural,Middle,3,0,0.16666666666666669,0.6666666666666666,0,0.16666666666666669
Montipora,Natural,Late,3,0.33333333333333337,0.33333333333333337,0,0.08333333333333334,0.25
Montipora,Natural,Post,6,1,0,0,0,0
Montipora,Artificial,Start,8,0.5,0.078125,0.33854166666666663,0.08333333333333333,0
Montipora,Artificial,Middle,6,0,0,0.8871527777777778,0.11284722222222222,0
Montipora,Artificial,Late,5,0.20500000000000002,0.30738095238095237,0.39333333333333337,0.04285714285714286,0.05142857142857142
Pavona,Natural,Start,22,0.7605861244019139,0.2337320574162679,0,0.005681818181818183,0
Pavona,Natural,Middle,9,0.7345679012345679,0.23765432098765432,0,0,0.02777777777777777
Pavona,Natural,Late,20,0.9116071428571428,0.08125,0,0,0.007142857142857142
Pavona,Natural,Post,34,0.8417320261437908,0.11374183006535948,0,0.04452614379084965,0
Pavona,Artificial,Start,1,1,0,0,0,0
Pavona,Artificial,Middle,2,0.6875,0.25,0,0.0625,0
Pavona,Artificial,Late,1,1,0,0,0,0
Platygyra,Natural,Start,12,0.5012210012210012,0.25595238095238093,0.012820512820512822,0.2181013431013431,0.011904761904761902
Platygyra,Natural,Middle,15,0.30857142857142855,0.2276190476190476,0.25047619047619046,0.07999999999999999,0.13333333333333333
Platygyra,Natural,Late,15,0.22441643323996266,0.31873949579831934,0.21525676937441643,0.09555555555555555,0.14603174603174607
Platygyra,Natural,Post,14,0.3333333333333333,0.3869047619047619,0.24404761904761907,0,0.03571428571428572
Platygyra,Artificial,Start,35,0.4735238570952857,0.44474763331906186,0.008369408369408369,0.03317769532055245,0.0401814058956916
Platygyra,Artificial,Middle,41,0.048199767711962826,0.5617147080561715,0.3047196705733291,0.046747967479674794,0.038617886178861804
Platygyra,Artificial,Late,38,0.16415118679050567,0.30941508182220256,0.3663644877654165,0.12023648865754127,0.03983275496433391
Platygyra,Artificial,Post,20,0.17115183792815372,0.5902568922305764,0.1676388888888889,0.024285714285714282,0.04666666666666667
Pocillopora,Natural,Start,9,0,0.6388888888888888,0.3611111111111111,0,0
Pocillopora,Natural,Middle,6,0.16666666666666669,0.36507936507936506,0.30158730158730157,0.08333333333333333,0.08333333333333333
Pocillopora,Natural,Late,10,0.10000000000000002,0.85,0,0,0.05
Pocillopora,Natural,Post,11,0.22272727272727272,0.6863636363636364,0,0,0.0909090909090909
Pocillopora,Artificial,Start,4,1,0,0,0,0
Pocillopora,Artificial,Middle,3,0.4444444444444444,0.3888888888888889,0.16666666666666669,0,0
Pocillopora,Artificial,Late,3,1,0,0,0,0
Pocillopora,Artificial,Post,2,1,0,0,0,0
Porites,Natural,Start,38,0.18182426915278946,0.5205478383847856,0.1413572757940162,0.11281858050006169,0.043452036168347065
Porites,Natural,Middle,33,0.10853771427934107,0.29178137531157367,0.4331458111008755,0.11090239867550915,0.05563270063270063
Porites,Natural,Late,35,0.22461871845512402,0.3032061747372201,0.0939716908526028,0.1946125997860172,0.18359081616903591
Porites,Natural,Post,43,0.43978207437013317,0.3147971291721916,0.07049184515614784,0.10253807450059879,0.07239087680092862
Porites,Artificial,Start,7,0.47666224384490635,0.35527052926433733,0,0.12044817927170867,0.047619047619047616
Porites,Artificial,Middle,10,0.30922043010752687,0.4376612903225806,0.1064516129032258,0.14666666666666667,0
Porites,Artificial,Late,4,0.8723262032085561,0.08221925133689839,0,0.045454545454545456,0
Porites,Artificial,Post,4,0.5762987012987013,0.08279220779220778,0,0.29545454545454547,0.045454545454545456
