genus,dispersion_f,dispersion_p,dispersion_p_adj
Acropora,14.168000277557594,1e-5,3.6666666666666666e-5
Dipsastrea,8.112297056408913,2e-5,5.5e-5
Favites,5.196746625268127,0.00181,0.0033183333333333333
Goniastrea,2.1959660168784976,0.07955,0.10938125
Leptastrea,34.87897869715405,1e-5,3.6666666666666666e-5
Lobophyllia,9.324682211422209,6e-5,1.32e-4
Montipora,1.9378869785791069,0.16479,0.16628
Pavona,1.8480958579322682,0.16628,0.16628
Platygyra,3.3011676004083568,0.00298,0.004682857142857143
Pocillopora,1.8588511613687935,0.10176,0.12437333333333335
Porites,13.61727873243077,1e-5,3.6666666666666666e-5
