genus,term,df,r2,pseudo_f,p
Acropora,reef_type:bleaching_period,3,0.02549684694953689,0.8731226585262363,0.54145
Dipsastrea,reef_type:bleaching_period,3,0.0634776213466433,1.132051565902949,0.44939
Favites,reef_type:bleaching_period,3,0.08306891845947455,1.0697002389539398,0.33768
Goniastrea,reef_type:bleaching_period,2,0.05121804898848615,0.9868755462320877,0.43275
Leptastrea,reef_type:bleaching_period,2,0.012903369360608546,0.47760565239153796,0.8793
Lobophyllia,reef_type:bleaching_period,2,0.11498602363615694,2.3237603268191065,0.02903
Montipora,reef_type:bleaching_period,1,0.04999899757878703,1.1107046175652695,0.32981
Pavona,reef_type:bleaching_period,2,0.0048296711964305105,0.15385508389764727,0.85033
Platygyra,reef_type:bleaching_period,3,0.014189925629388962,0.9823271183899933,0.4589
Pocillopora,reef_type:bleaching_period,3,0.07407875317053186,1.8492421918057196,0.08624
Porites,reef_type:bleaching_period,3,0.028013392634037463,1.998351436824831,0.03427
