genus,term,df,r2,pseudo_f,p,p_adj,dispersion_f,dispersion_p,dispersion_p_adj,significant,dispersion_issue,interpretation
Lobophyllia,reef_type:bleaching_period,2,0.11498602363615694,2.3237603268191065,0.02903,0.188485,9.324682211422209,6e-5,1.32e-4,FALSE,TRUE,Not significant
Porites,reef_type:bleaching_period,3,0.02801339263403746,1.998351436824831,0.03427,0.188485,13.61727873243077,1e-5,3.6666666666666666e-5,FALSE,TRUE,Not significant
Pocillopora,reef_type:bleaching_period,3,0.07407875317053186,1.8492421918057196,0.08624,0.3162133333333333,1.8588511613687937,0.10176,0.12437333333333336,FALSE,FALSE,Not significant
Dipsastrea,reef_type:bleaching_period,3,0.0634776213466433,1.132051565902949,0.44939,0.6309874999999999,8.112297056408913,2e-5,5.5e-5,FALSE,TRUE,Not significant
Favites,reef_type:bleaching_period,3,0.08306891845947455,1.0697002389539398,0.33768,0.6309874999999999,5.196746625268127,0.00181,0.00331833333333333,FALSE,TRUE,Not significant
Goniastrea,reef_type:bleaching_period,2,0.05121804898848615,0.9868755462320876,0.43275,0.6309874999999999,2.1959660168784976,0.07955,0.10938125,FALSE,FALSE,Not significant
Montipora,reef_type:bleaching_period,1,0.04999899757878703,1.1107046175652695,0.32981,0.6309874999999999,1.9378869785791069,0.16479,0.16628,FALSE,FALSE,Not significant
Platygyra,reef_type:bleaching_period,3,0.01418992562938896,0.9823271183899932,0.4589,0.6309874999999999,3.3011676004083568,0.00298,0.00468285714285714,FALSE,TRUE,Not significant
Acropora,reef_type:bleaching_period,3,0.02549684694953689,0.8731226585262363,0.54145,0.6617722222222222,14.168000277557594,1e-5,3.6666666666666666e-5,FALSE,TRUE,Not significant
Leptastrea,reef_type:bleaching_period,2,0.01290336936060854,0.4776056523915379,0.8793,0.8793,34.87897869715405,1e-5,3.6666666666666666e-5,FALSE,TRUE,Not significant
Pavona,reef_type:bleaching_period,2,0.00482967119643051,0.1538550838976473,0.85033,0.8793,1.848095857932268,0.16628,0.16628,FALSE,FALSE,Not significant
